"id","forward_index_i5","reverse_index_i7","sample_ID","sample_barcode","illumina_run","extract_plate","well","locus","taq","primer_plate","primer_well","collection_label","field_site","collection_date","sample_type","trophic","host","habitat","PI","metadata","lat","long"
"100181","ACCATCCT","AGACCAGA","WMEA_00001_Fu_1","00001","Miseq001","1","A01","ITS","HIFI","24","A01","MushroomA_1","1","20180417","Mushroom","Detritovore","Fungus","Terrestrial","Anthony","need ID","21.6336","_158.05209"
"100364","ACCATCCT","TTGGTTCC","WMEA_00001_Fu_1","00001","Miseq001","1","A01","ITS","3G","22","A01","MushroomA_1","1","20180417","Mushroom","Detritovore","Fungus","Terrestrial","Anthony","need ID","21.6336","_158.05209"
"100193","ACCATCCT","AGCAGAAC","WMEA_00002_Fu_1","00002","Miseq001","1","B01","ITS","HIFI","24","B01","MushroomB_1","1","20180417","Mushroom","Detritovore","Fungus","Terrestrial","Anthony","need ID","21.6336","_158.05209"
"100376","ACCATCCT","CGAAGCAA","WMEA_00002_Fu_1","00002","Miseq001","1","B01","ITS","3G","22","B01","MushroomB_1","1","20180417","Mushroom","Detritovore","Fungus","Terrestrial","Anthony","need ID","21.6336","_158.05209"
"100205","ACCATCCT","TATTCCGC","WMEA_00003_Fu_1","00003","Miseq001","1","C01","ITS","HIFI","24","C01","MushroomC_1","1","20180417","Mushroom","Detritovore","Fungus","Terrestrial","Anthony","need ID","21.6336","_158.05209"
"100388","ACCATCCT","CGTTAAGC","WMEA_00003_Fu_1","00003","Miseq001","1","C01","ITS","3G","22","C01","MushroomC_1","1","20180417","Mushroom","Detritovore","Fungus","Terrestrial","Anthony","need ID","21.6336","_158.05209"
"100217","ACCATCCT","ATAAGGCG","WMEA_00004_Pl_1","00004","Miseq001","1","D01","ITS","HIFI","24","D01","DicotFlowerA_1","1","20180306","DicotFlower","PrimaryProducer","Plant","Terrestrial","Anthony","Stachytarpheta cayennensis","21.6336","_158.05209"
"100400","ACCATCCT","TCGAAGGA","WMEA_00004_Pl_1","00004","Miseq001","1","D01","ITS","3G","22","D01","DicotFlowerA_1","1","20180306","DicotFlower","PrimaryProducer","Plant","Terrestrial","Anthony","Stachytarpheta cayennensis","21.6336","_158.05209"
"100229","ACCATCCT","CCGGATAT","WMEA_00005_Pl_1","00005","Miseq001","1","E01","ITS","HIFI","24","E01","DicotFlowerD_1","1","20180306","DicotFlower","PrimaryProducer","Plant","Terrestrial","Anthony","Saraca indica","21.6336","_158.05209"
"100412","ACCATCCT","CGCGTATA","WMEA_00005_Pl_1","00005","Miseq001","1","E01","ITS","3G","22","E01","DicotFlowerD_1","1","20180306","DicotFlower","PrimaryProducer","Plant","Terrestrial","Anthony","Saraca indica","21.6336","_158.05209"
"100241","ACCATCCT","TTGGCGTA","WMEA_00006_Pl_1","00006","Miseq001","1","F01","ITS","HIFI","24","F01","DicotFlowerC_1","1","20180306","DicotFlower","PrimaryProducer","Plant","Terrestrial","Anthony","Rivina humilis","21.6336","_158.05209"
"100424","ACCATCCT","CAGTTGAC","WMEA_00006_Pl_1","00006","Miseq001","1","F01","ITS","3G","22","F01","DicotFlowerC_1","1","20180306","DicotFlower","PrimaryProducer","Plant","Terrestrial","Anthony","Rivina humilis","21.6336","_158.05209"
"100252","ACCATCCT","GAGAACAC","WMEA_00008_Pl_1","00008","Miseq001","1","G01","ITS","HIFI","24","G01","DicotFruitB_1","1","20180306","DicotFruit","PrimaryProducer","Plant","Terrestrial","Anthony","Coffea arabica","21.6336","_158.05209"
"100436","ACCATCCT","TGACCAGT","WMEA_00008_Pl_1","00008","Miseq001","1","G01","ITS","3G","22","G01","DicotFruitB_1","1","20180306","DicotFruit","PrimaryProducer","Plant","Terrestrial","Anthony","Coffea arabica","21.6336","_158.05209"
"100264","ACCATCCT","CACTAGAC","WMEA_00009_Pl_1","00009","Miseq001","1","H01","ITS","HIFI","24","H01","DicotFruitC_1","1","20180306","DicotFruit","PrimaryProducer","Plant","Terrestrial","Anthony","Rivina humilis","21.6336","_158.05209"
"100448","ACCATCCT","ACAGACAG","WMEA_00009_Pl_1","00009","Miseq001","1","H01","ITS","3G","22","H01","DicotFruitC_1","1","20180306","DicotFruit","PrimaryProducer","Plant","Terrestrial","Anthony","Rivina humilis","21.6336","_158.05209"
"100182","TGCATGGT","AGACCAGA","WMEA_00010_Pl_1","00010","Miseq001","1","A02","ITS","HIFI","24","A02","DicotLeafA_1","1","20180306","DicotLeaf","PrimaryProducer","Plant","Terrestrial","Anthony","Stachytarpheta cayennensis","21.6336","_158.05209"
"100365","TGCATGGT","TTGGTTCC","WMEA_00010_Pl_1","00010","Miseq001","1","A02","ITS","3G","22","A02","DicotLeafA_1","1","20180306","DicotLeaf","PrimaryProducer","Plant","Terrestrial","Anthony","Stachytarpheta cayennensis","21.6336","_158.05209"
"100194","TGCATGGT","AGCAGAAC","WMEA_00011_Pl_1","00011","Miseq001","1","B02","ITS","HIFI","24","B02","DicotLeafB_1","1","20180306","DicotLeaf","PrimaryProducer","Plant","Terrestrial","Anthony","Coffea arabica","21.6336","_158.05209"
"100377","TGCATGGT","CGAAGCAA","WMEA_00011_Pl_1","00011","Miseq001","1","B02","ITS","3G","22","B02","DicotLeafB_1","1","20180306","DicotLeaf","PrimaryProducer","Plant","Terrestrial","Anthony","Coffea arabica","21.6336","_158.05209"
"100206","TGCATGGT","TATTCCGC","WMEA_00012_Pl_1","00012","Miseq001","1","C02","ITS","HIFI","24","C02","DicotLeafC_1","1","20180306","DicotLeaf","PrimaryProducer","Plant","Terrestrial","Anthony","Rivina humilis","21.6336","_158.05209"
"100389","TGCATGGT","CGTTAAGC","WMEA_00012_Pl_1","00012","Miseq001","1","C02","ITS","3G","22","C02","DicotLeafC_1","1","20180306","DicotLeaf","PrimaryProducer","Plant","Terrestrial","Anthony","Rivina humilis","21.6336","_158.05209"
"100247","ACGAAGCA","TTGGCGTA","WMEA_00013_Pl_1","00013","Miseq001","1","F07","ITS","HIFI","24","F07","DicotSwabA_1","1","20180306","DicotLeafSwab","PrimaryProducer","Plant","Terrestrial","Anthony","Stachytarpheta cayennensis","21.6336","_158.05209"
"100430","ACGAAGCA","CAGTTGAC","WMEA_00013_Pl_1","00013","Miseq001","1","F07","ITS","3G","22","F07","DicotSwabA_1","1","20180306","DicotLeafSwab","PrimaryProducer","Plant","Terrestrial","Anthony","Stachytarpheta cayennensis","21.6336","_158.05209"
"100258","ACGAAGCA","GAGAACAC","WMEA_00014_Pl_1","00014","Miseq001","1","G07","ITS","HIFI","24","G07","DicotSwabB_1","1","20180306","DicotLeafSwab","PrimaryProducer","Plant","Terrestrial","Anthony","Coffea arabica","21.6336","_158.05209"
"100442","ACGAAGCA","TGACCAGT","WMEA_00014_Pl_1","00014","Miseq001","1","G07","ITS","3G","22","G07","DicotSwabB_1","1","20180306","DicotLeafSwab","PrimaryProducer","Plant","Terrestrial","Anthony","Coffea arabica","21.6336","_158.05209"
"100270","ACGAAGCA","CACTAGAC","WMEA_00015_Pl_1","00015","Miseq001","1","H07","ITS","HIFI","24","H07","DicotSwabC_1","1","20180306","DicotLeafSwab","PrimaryProducer","Plant","Terrestrial","Anthony","Rivina humilis","21.6336","_158.05209"
"100454","ACGAAGCA","ACAGACAG","WMEA_00015_Pl_1","00015","Miseq001","1","H07","ITS","3G","22","H07","DicotSwabC_1","1","20180306","DicotLeafSwab","PrimaryProducer","Plant","Terrestrial","Anthony","Rivina humilis","21.6336","_158.05209"
"100218","TGCATGGT","ATAAGGCG","WMEA_00016_Pl_1","00016","Miseq001","1","D02","ITS","HIFI","24","D02","DicotStemA_1","1","20180306","DicotStem","PrimaryProducer","Plant","Terrestrial","Anthony","Stachytarpheta cayennensis","21.6336","_158.05209"
"100401","TGCATGGT","TCGAAGGA","WMEA_00016_Pl_1","00016","Miseq001","1","D02","ITS","3G","22","D02","DicotStemA_1","1","20180306","DicotStem","PrimaryProducer","Plant","Terrestrial","Anthony","Stachytarpheta cayennensis","21.6336","_158.05209"
"100230","TGCATGGT","CCGGATAT","WMEA_00017_Pl_1","00017","Miseq001","1","E02","ITS","HIFI","24","E02","DicotStemB_1","1","20180306","DicotStem","PrimaryProducer","Plant","Terrestrial","Anthony","Coffea arabica","21.6336","_158.05209"
"100413","TGCATGGT","CGCGTATA","WMEA_00017_Pl_1","00017","Miseq001","1","E02","ITS","3G","22","E02","DicotStemB_1","1","20180306","DicotStem","PrimaryProducer","Plant","Terrestrial","Anthony","Coffea arabica","21.6336","_158.05209"
"100242","TGCATGGT","TTGGCGTA","WMEA_00018_Pl_1","00018","Miseq001","1","F02","ITS","HIFI","24","F02","DicotStemC_1","1","20180306","DicotStem","PrimaryProducer","Plant","Terrestrial","Anthony","Rivina humilis","21.6336","_158.05209"
"100425","TGCATGGT","CAGTTGAC","WMEA_00018_Pl_1","00018","Miseq001","1","F02","ITS","3G","22","F02","DicotStemC_1","1","20180306","DicotStem","PrimaryProducer","Plant","Terrestrial","Anthony","Rivina humilis","21.6336","_158.05209"
"100253","TGCATGGT","GAGAACAC","WMEA_00019_Pl_1","00019","Miseq001","1","G02","ITS","HIFI","24","G02","DicotRootA_1","1","20180306","DicotRoot","PrimaryProducer","Plant","Terrestrial","Nicole","Stachytarpheta cayennensis","21.6336","_158.05209"
"100437","TGCATGGT","TGACCAGT","WMEA_00019_Pl_1","00019","Miseq001","1","G02","ITS","3G","22","G02","DicotRootA_1","1","20180306","DicotRoot","PrimaryProducer","Plant","Terrestrial","Nicole","Stachytarpheta cayennensis","21.6336","_158.05209"
"100265","TGCATGGT","CACTAGAC","WMEA_00020_Pl_1","00020","Miseq001","1","H02","ITS","HIFI","24","H02","DicotRootB_1","1","20180306","DicotRoot","PrimaryProducer","Plant","Terrestrial","Nicole","Aleurites moluccanus","21.6336","_158.05209"
"100449","TGCATGGT","ACAGACAG","WMEA_00020_Pl_1","00020","Miseq001","1","H02","ITS","3G","22","H02","DicotRootB_1","1","20180306","DicotRoot","PrimaryProducer","Plant","Terrestrial","Nicole","Aleurites moluccanus","21.6336","_158.05209"
"100183","TGCAACGT","AGACCAGA","WMEA_00021_Pl_1","00021","Miseq001","1","A03","ITS","HIFI","24","A03","DicotRootC_1","1","20180306","DicotRoot","PrimaryProducer","Plant","Terrestrial","Nicole","Coffea arabica","21.6336","_158.05209"
"100366","TGCAACGT","TTGGTTCC","WMEA_00021_Pl_1","00021","Miseq001","1","A03","ITS","3G","22","A03","DicotRootC_1","1","20180306","DicotRoot","PrimaryProducer","Plant","Terrestrial","Nicole","Coffea arabica","21.6336","_158.05209"
"100195","TGCAACGT","AGCAGAAC","WMEA_00022_Pl_1","00022","Miseq001","1","B03","ITS","HIFI","24","B03","MonocotLeafA_1","1","20180306","MonocotLeaf","PrimaryProducer","Plant","Terrestrial","Anthony","need ID Voucher","21.6336","_158.05209"
"100378","TGCAACGT","CGAAGCAA","WMEA_00022_Pl_1","00022","Miseq001","1","B03","ITS","3G","22","B03","MonocotLeafA_1","1","20180306","MonocotLeaf","PrimaryProducer","Plant","Terrestrial","Anthony","need ID Voucher","21.6336","_158.05209"
"100207","TGCAACGT","TATTCCGC","WMEA_00023_Pl_1","00023","Miseq001","1","C03","ITS","HIFI","24","C03","MonocotLeafB_1","1","20180306","MonocotLeaf","PrimaryProducer","Plant","Terrestrial","Anthony","need ID Voucher","21.6336","_158.05209"
"100390","TGCAACGT","CGTTAAGC","WMEA_00023_Pl_1","00023","Miseq001","1","C03","ITS","3G","22","C03","MonocotLeafB_1","1","20180306","MonocotLeaf","PrimaryProducer","Plant","Terrestrial","Anthony","need ID Voucher","21.6336","_158.05209"
"100219","TGCAACGT","ATAAGGCG","WMEA_00024_Pl_1","00024","Miseq001","1","D03","ITS","HIFI","24","D03","MonocotLeafC_1","1","20180306","MonocotLeaf","PrimaryProducer","Plant","Terrestrial","Anthony","need ID Voucher","21.6336","_158.05209"
"100402","TGCAACGT","TCGAAGGA","WMEA_00024_Pl_1","00024","Miseq001","1","D03","ITS","3G","22","D03","MonocotLeafC_1","1","20180306","MonocotLeaf","PrimaryProducer","Plant","Terrestrial","Anthony","need ID Voucher","21.6336","_158.05209"
"100188","AGTGCACT","AGACCAGA","WMEA_00025_Pl_1","00025","Miseq001","1","A08","ITS","HIFI","24","A08","MonocotSwabA_1","1","20180306","MonocotLeafSwab","PrimaryProducer","Plant","Terrestrial","Anthony","need ID Voucher","21.6336","_158.05209"
"100371","AGTGCACT","TTGGTTCC","WMEA_00025_Pl_1","00025","Miseq001","1","A08","ITS","3G","22","A08","MonocotSwabA_1","1","20180306","MonocotLeafSwab","PrimaryProducer","Plant","Terrestrial","Anthony","need ID Voucher","21.6336","_158.05209"
"100200","AGTGCACT","AGCAGAAC","WMEA_00026_Pl_1","00026","Miseq001","1","B08","ITS","HIFI","24","B08","MonocotSwabB_1","1","20180306","MonocotLeafSwab","PrimaryProducer","Plant","Terrestrial","Anthony","need ID Voucher","21.6336","_158.05209"
"100383","AGTGCACT","CGAAGCAA","WMEA_00026_Pl_1","00026","Miseq001","1","B08","ITS","3G","22","B08","MonocotSwabB_1","1","20180306","MonocotLeafSwab","PrimaryProducer","Plant","Terrestrial","Anthony","need ID Voucher","21.6336","_158.05209"
"100212","AGTGCACT","TATTCCGC","WMEA_00027_Pl_1","00027","Miseq001","1","C08","ITS","HIFI","24","C08","MonocotSwabC_1","1","20180306","MonocotLeafSwab","PrimaryProducer","Plant","Terrestrial","Anthony","need ID Voucher","21.6336","_158.05209"
"100395","AGTGCACT","CGTTAAGC","WMEA_00027_Pl_1","00027","Miseq001","1","C08","ITS","3G","22","C08","MonocotSwabC_1","1","20180306","MonocotLeafSwab","PrimaryProducer","Plant","Terrestrial","Anthony","need ID Voucher","21.6336","_158.05209"
"100231","TGCAACGT","CCGGATAT","WMEA_00028_Pl_1","00028","Miseq001","1","E03","ITS","HIFI","24","E03","MonocotFruitA_1","1","20180306","MonocotFruit","PrimaryProducer","Plant","Terrestrial","Anthony","need ID Voucher","21.6336","_158.05209"
"100414","TGCAACGT","CGCGTATA","WMEA_00028_Pl_1","00028","Miseq001","1","E03","ITS","3G","22","E03","MonocotFruitA_1","1","20180306","MonocotFruit","PrimaryProducer","Plant","Terrestrial","Anthony","need ID Voucher","21.6336","_158.05209"
"100243","TGCAACGT","TTGGCGTA","WMEA_00029_Pl_1","00029","Miseq001","1","F03","ITS","HIFI","24","F03","MonocotFruitB_1","1","20180306","MonocotFruit","PrimaryProducer","Plant","Terrestrial","Anthony","need ID Voucher","21.6336","_158.05209"
"100426","TGCAACGT","CAGTTGAC","WMEA_00029_Pl_1","00029","Miseq001","1","F03","ITS","3G","22","F03","MonocotFruitB_1","1","20180306","MonocotFruit","PrimaryProducer","Plant","Terrestrial","Anthony","need ID Voucher","21.6336","_158.05209"
"100254","TGCAACGT","GAGAACAC","WMEA_00030_Pl_1","00030","Miseq001","1","G03","ITS","HIFI","24","G03","MonocotFruit_1","1","20180306","MonocotFruit","PrimaryProducer","Plant","Terrestrial","Anthony","need ID Voucher","21.6336","_158.05209"
"100438","TGCAACGT","TGACCAGT","WMEA_00030_Pl_1","00030","Miseq001","1","G03","ITS","3G","22","G03","MonocotFruit_1","1","20180306","MonocotFruit","PrimaryProducer","Plant","Terrestrial","Anthony","need ID Voucher","21.6336","_158.05209"
"100266","TGCAACGT","CACTAGAC","WMEA_00031_Pl_1","00031","Miseq001","1","H03","ITS","HIFI","24","H03","MonocotFlower_1","1","20180306","MonocotFlower","PrimaryProducer","Plant","Terrestrial","Anthony","need ID Voucher","21.6336","_158.05209"
"100450","TGCAACGT","ACAGACAG","WMEA_00031_Pl_1","00031","Miseq001","1","H03","ITS","3G","22","H03","MonocotFlower_1","1","20180306","MonocotFlower","PrimaryProducer","Plant","Terrestrial","Anthony","need ID Voucher","21.6336","_158.05209"
"100184","CTCAAGAC","AGACCAGA","WMEA_00032_Pl_1","00032","Miseq001","1","A04","ITS","HIFI","24","A04","MonocotFlowerB_1","1","20180306","MonocotFlower","PrimaryProducer","Plant","Terrestrial","Anthony","need ID Voucher","21.6336","_158.05209"
"100367","CTCAAGAC","TTGGTTCC","WMEA_00032_Pl_1","00032","Miseq001","1","A04","ITS","3G","22","A04","MonocotFlowerB_1","1","20180306","MonocotFlower","PrimaryProducer","Plant","Terrestrial","Anthony","need ID Voucher","21.6336","_158.05209"
"100196","CTCAAGAC","AGCAGAAC","WMEA_00033_Pl_1","00033","Miseq001","1","B04","ITS","HIFI","24","B04","MonocotFlowerC_1","1","20180306","MonocotFlower","PrimaryProducer","Plant","Terrestrial","Anthony","need ID Voucher","21.6336","_158.05209"
"100379","CTCAAGAC","CGAAGCAA","WMEA_00033_Pl_1","00033","Miseq001","1","B04","ITS","3G","22","B04","MonocotFlowerC_1","1","20180306","MonocotFlower","PrimaryProducer","Plant","Terrestrial","Anthony","need ID Voucher","21.6336","_158.05209"
"100224","AGTGCACT","ATAAGGCG","WMEA_00034_No_1","00034","Miseq001","1","D08","ITS","HIFI","24","D08","RockSwab1_1","1","20180306","RockSwab","Environmental","Nonhost","Terrestrial","Anthony",NA,"21.6336","_158.05209"
"100407","AGTGCACT","TCGAAGGA","WMEA_00034_No_1","00034","Miseq001","1","D08","ITS","3G","22","D08","RockSwab1_1","1","20180306","RockSwab","Environmental","Nonhost","Terrestrial","Anthony",NA,"21.6336","_158.05209"
"100236","AGTGCACT","CCGGATAT","WMEA_00035_No_1","00035","Miseq001","1","E08","ITS","HIFI","24","E08","RockSwab2_1","1","20180306","RockSwab","Environmental","Nonhost","Terrestrial","Anthony ",NA,"21.6336","_158.05209"
"100419","AGTGCACT","CGCGTATA","WMEA_00035_No_1","00035","Miseq001","1","E08","ITS","3G","22","E08","RockSwab2_1","1","20180306","RockSwab","Environmental","Nonhost","Terrestrial","Anthony ",NA,"21.6336","_158.05209"
"100248","AGTGCACT","TTGGCGTA","WMEA_00036_No_1","00036","Miseq001","1","F08","ITS","HIFI","24","F08","RockSwab3_1","1","20180306","RockSwab","Environmental","Nonhost","Terrestrial","Anthony",NA,"21.6336","_158.05209"
"100431","AGTGCACT","CAGTTGAC","WMEA_00036_No_1","00036","Miseq001","1","F08","ITS","3G","22","F08","RockSwab3_1","1","20180306","RockSwab","Environmental","Nonhost","Terrestrial","Anthony",NA,"21.6336","_158.05209"
"100537","ACCATCCT","CTTGTGGA","WMEA_00045_An_1","00045","Miseq001","2","H01","ITS","3G","21","H01","030718_MEDE_0016_CMAIKI","1","20180307","BirdSkinSwab","Omnivore","Animal","Terrestrial","Matt","Leiothrix lutea 1 F","21.6336","_158.05209"
"100526","ACCATCCT","GCATAACC","WMEA_00046_An_1","00046","Miseq001","2","G01","ITS","3G","21","G01","030718_MEDE_0017_CMAIKI","1","20180307","BirdSkinSwab","Omnivore","Animal","Terrestrial","Matt","Leiothrix lutea 1 F","21.6336","_158.05209"
"100260","AGCAACGA","GAGAACAC","WMEA_00050_An_1","00050","Miseq001","1","G09","ITS","HIFI","24","G09","030618_MEDE_0001_CMAIKI","1","20180306","Mosquito","Carnivore","Animal","Terrestrial","Matt","Aedes albopictus 9 F","21.6336","_158.05209"
"100444","AGCAACGA","TGACCAGT","WMEA_00050_An_1","00050","Miseq001","1","G09","ITS","3G","22","G09","030618_MEDE_0001_CMAIKI","1","20180306","Mosquito","Carnivore","Animal","Terrestrial","Matt","Aedes albopictus 9 F","21.6336","_158.05209"
"100272","AGCAACGA","CACTAGAC","WMEA_00051_An_1","00051","Miseq001","1","H09","ITS","HIFI","24","H09","030618_MEDE_0002_CMAIKI","1","20180306","Mosquito","Carnivore","Animal","Terrestrial","Matt","Aedes albopictus 5 M","21.6336","_158.05209"
"100456","AGCAACGA","ACAGACAG","WMEA_00051_An_1","00051","Miseq001","1","H09","ITS","3G","22","H09","030618_MEDE_0002_CMAIKI","1","20180306","Mosquito","Carnivore","Animal","Terrestrial","Matt","Aedes albopictus 5 M","21.6336","_158.05209"
"100190","TGCTACCT","AGACCAGA","WMEA_00052_An_1","00052","Miseq001","1","A10","ITS","HIFI","24","A10","030618_MEDE_0003_CMAIKI","1","20180306","Mosquito","Carnivore","Animal","Terrestrial","Matt","Wyeomyia mitchelli 10 F","21.6336","_158.05209"
"100373","TGCTACCT","TTGGTTCC","WMEA_00052_An_1","00052","Miseq001","1","A10","ITS","3G","22","A10","030618_MEDE_0003_CMAIKI","1","20180306","Mosquito","Carnivore","Animal","Terrestrial","Matt","Wyeomyia mitchelli 10 F","21.6336","_158.05209"
"100202","TGCTACCT","AGCAGAAC","WMEA_00053_An_1","00053","Miseq001","1","B10","ITS","HIFI","24","B10","030618_MEDE_0004_CMAIKI","1","20180306","Mosquito","Carnivore","Animal","Terrestrial","Matt","Wyeomyia mitchelli 5 F","21.6336","_158.05209"
"100385","TGCTACCT","CGAAGCAA","WMEA_00053_An_1","00053","Miseq001","1","B10","ITS","3G","22","B10","030618_MEDE_0004_CMAIKI","1","20180306","Mosquito","Carnivore","Animal","Terrestrial","Matt","Wyeomyia mitchelli 5 F","21.6336","_158.05209"
"100208","CTCAAGAC","TATTCCGC","WMEA_00054_Pl_1","00054","Miseq001","1","C04","ITS","HIFI","24","C04","MossA_1","1","20180306","MossThallus","PrimaryProducer","Plant","Terrestrial","Nicole","need ID No photo","21.6336","_158.05209"
"100391","CTCAAGAC","CGTTAAGC","WMEA_00054_Pl_1","00054","Miseq001","1","C04","ITS","3G","22","C04","MossA_1","1","20180306","MossThallus","PrimaryProducer","Plant","Terrestrial","Nicole","need ID No photo","21.6336","_158.05209"
"100220","CTCAAGAC","ATAAGGCG","WMEA_00055_Pl_1","00055","Miseq001","1","D04","ITS","HIFI","24","D04","MossB_1","1","20180306","MossThallus","PrimaryProducer","Plant","Terrestrial","Nicole","need ID No photo","21.6336","_158.05209"
"100403","CTCAAGAC","TCGAAGGA","WMEA_00055_Pl_1","00055","Miseq001","1","D04","ITS","3G","22","D04","MossB_1","1","20180306","MossThallus","PrimaryProducer","Plant","Terrestrial","Nicole","need ID No photo","21.6336","_158.05209"
"100232","CTCAAGAC","CCGGATAT","WMEA_00056_Pl_1","00056","Miseq001","1","E04","ITS","HIFI","24","E04","MossC_1","1","20180306","MossThallus","PrimaryProducer","Plant","Terrestrial","Nicole","need ID No photo","21.6336","_158.05209"
"100415","CTCAAGAC","CGCGTATA","WMEA_00056_Pl_1","00056","Miseq001","1","E04","ITS","3G","22","E04","MossC_1","1","20180306","MossThallus","PrimaryProducer","Plant","Terrestrial","Nicole","need ID No photo","21.6336","_158.05209"
"100244","CTCAAGAC","TTGGCGTA","WMEA_00057_Pl_1","00057","Miseq001","1","F04","ITS","HIFI","24","F04","FernA_1","1","20180306","FernThallus","PrimaryProducer","Plant","Terrestrial","Nicole","need ID No photo","21.6336","_158.05209"
"100427","CTCAAGAC","CAGTTGAC","WMEA_00057_Pl_1","00057","Miseq001","1","F04","ITS","3G","22","F04","FernA_1","1","20180306","FernThallus","PrimaryProducer","Plant","Terrestrial","Nicole","need ID No photo","21.6336","_158.05209"
"100255","CTCAAGAC","GAGAACAC","WMEA_00058_Pl_1","00058","Miseq001","1","G04","ITS","HIFI","24","G04","FernB_1","1","20180306","FernThallus","PrimaryProducer","Plant","Terrestrial","Nicole","need ID No photo","21.6336","_158.05209"
"100439","CTCAAGAC","TGACCAGT","WMEA_00058_Pl_1","00058","Miseq001","1","G04","ITS","3G","22","G04","FernB_1","1","20180306","FernThallus","PrimaryProducer","Plant","Terrestrial","Nicole","need ID No photo","21.6336","_158.05209"
"100267","CTCAAGAC","CACTAGAC","WMEA_00059_Pl_1","00059","Miseq001","1","H04","ITS","HIFI","24","H04","FernC_1","1","20180306","FernThallus","PrimaryProducer","Plant","Terrestrial","Nicole","need ID No photo","21.6336","_158.05209"
"100451","CTCAAGAC","ACAGACAG","WMEA_00059_Pl_1","00059","Miseq001","1","H04","ITS","3G","22","H04","FernC_1","1","20180306","FernThallus","PrimaryProducer","Plant","Terrestrial","Nicole","need ID No photo","21.6336","_158.05209"
"100185","GCTATTGG","AGACCAGA","WMEA_00060_Pl_1","00060","Miseq001","1","A05","ITS","HIFI","24","A05","LichenA_1","1","20180306","LichenThallus","PrimaryProducer","Plant","Terrestrial","Nicole","Parmelia sp.","21.6336","_158.05209"
"100368","GCTATTGG","TTGGTTCC","WMEA_00060_Pl_1","00060","Miseq001","1","A05","ITS","3G","22","A05","LichenA_1","1","20180306","LichenThallus","PrimaryProducer","Plant","Terrestrial","Nicole","Parmelia sp.","21.6336","_158.05209"
"100197","GCTATTGG","AGCAGAAC","WMEA_00061_Pl_1","00061","Miseq001","1","B05","ITS","HIFI","24","B05","LichenB_1","1","20180306","LichenThallus","PrimaryProducer","Plant","Terrestrial","Nicole","need ID No photo","21.6336","_158.05209"
"100380","GCTATTGG","CGAAGCAA","WMEA_00061_Pl_1","00061","Miseq001","1","B05","ITS","3G","22","B05","LichenB_1","1","20180306","LichenThallus","PrimaryProducer","Plant","Terrestrial","Nicole","need ID No photo","21.6336","_158.05209"
"100209","GCTATTGG","TATTCCGC","WMEA_00062_Pl_1","00062","Miseq001","1","C05","ITS","HIFI","24","C05","LichenC_1","1","20180306","LichenThallus","PrimaryProducer","Plant","Terrestrial","Nicole","Ramalina sp.","21.6336","_158.05209"
"100392","GCTATTGG","CGTTAAGC","WMEA_00062_Pl_1","00062","Miseq001","1","C05","ITS","3G","22","C05","LichenC_1","1","20180306","LichenThallus","PrimaryProducer","Plant","Terrestrial","Nicole","Ramalina sp.","21.6336","_158.05209"
"100269","GAGTAGAC","CACTAGAC","WMEA_00063_An_1","00063","Miseq001","1","H06","ITS","HIFI","24","H06","LitterArthroB_1_2","1","20180306","LitterArthro","Multiple","Animal","Terrestrial","Nhu","Lawn shrimp","21.6336","_158.05209"
"100453","GAGTAGAC","ACAGACAG","WMEA_00063_An_1","00063","Miseq001","1","H06","ITS","3G","22","H06","LitterArthroB_1_2","1","20180306","LitterArthro","Multiple","Animal","Terrestrial","Nhu","Lawn shrimp","21.6336","_158.05209"
"100187","ACGAAGCA","AGACCAGA","WMEA_00064_An_1","00064","Miseq001","1","A07","ITS","HIFI","24","A07","LitterArthroC_1_1","1","20180306","LitterArthro","Multiple","Animal","Terrestrial","Nhu","Roly poly","21.6336","_158.05209"
"100370","ACGAAGCA","TTGGTTCC","WMEA_00064_An_1","00064","Miseq001","1","A07","ITS","3G","22","A07","LitterArthroC_1_1","1","20180306","LitterArthro","Multiple","Animal","Terrestrial","Nhu","Roly poly","21.6336","_158.05209"
"100199","ACGAAGCA","AGCAGAAC","WMEA_00065_An_1","00065","Miseq001","1","B07","ITS","HIFI","24","B07","LitterArthroC_1_2","1","20180306","LitterArthro","Multiple","Animal","Terrestrial","Nhu","Lawn shrimp","21.6336","_158.05209"
"100382","ACGAAGCA","CGAAGCAA","WMEA_00065_An_1","00065","Miseq001","1","B07","ITS","3G","22","B07","LitterArthroC_1_2","1","20180306","LitterArthro","Multiple","Animal","Terrestrial","Nhu","Lawn shrimp","21.6336","_158.05209"
"100317","AGCAACGA","CTCTTGAC","WMEA_00071_An_1","00071","Miseq001","2","D09","ITS","HIFI","23","D09","LeafArthroB_1","1","20180306","LeafArthropods","Herbivore","Animal","Terrestrial","Nhu",NA,"21.6336","_158.05209"
"100328","AGCAACGA","GGTACCTA","WMEA_00072_An_1","00072","Miseq001","2","E09","ITS","HIFI","23","E09","LeafArthroC_1","1","20180306","LeafArthropods","Herbivore","Animal","Terrestrial","Nhu",NA,"21.6336","_158.05209"
"100214","TGCTACCT","TATTCCGC","WMEA_00073_An_1","00073","Miseq001","1","C10","ITS","HIFI","24","C10","030618_MEDE_0005_CMAIKI","1","20180306","LeafArthropods","Herbivore","Animal","Terrestrial","Matt","Collected 3","21.6336","_158.05209"
"100397","TGCTACCT","CGTTAAGC","WMEA_00073_An_1","00073","Miseq001","1","C10","ITS","3G","22","C10","030618_MEDE_0005_CMAIKI","1","20180306","LeafArthropods","Herbivore","Animal","Terrestrial","Matt","Collected 3","21.6336","_158.05209"
"100211","ACGAAGCA","TATTCCGC","WMEA_00076_An_1","00076","Miseq001","1","C07","ITS","HIFI","24","C07","LitterArthroA_1_9","1","20180306","LitterArthro","Herbivore","Animal","Terrestrial","Nhu","Roly poly","21.6336","_158.05209"
"100394","ACGAAGCA","CGTTAAGC","WMEA_00076_An_1","00076","Miseq001","1","C07","ITS","3G","22","C07","LitterArthroA_1_9","1","20180306","LitterArthro","Herbivore","Animal","Terrestrial","Nhu","Roly poly","21.6336","_158.05209"
"100223","ACGAAGCA","ATAAGGCG","WMEA_00077_An_1","00077","Miseq001","1","D07","ITS","HIFI","24","D07","LitterArthroA_1_8","1","20180306","LitterArthro","Herbivore","Animal","Terrestrial","Nhu","Lawn shrimp","21.6336","_158.05209"
"100406","ACGAAGCA","TCGAAGGA","WMEA_00077_An_1","00077","Miseq001","1","D07","ITS","3G","22","D07","LitterArthroA_1_8","1","20180306","LitterArthro","Herbivore","Animal","Terrestrial","Nhu","Lawn shrimp","21.6336","_158.05209"
"100235","ACGAAGCA","CCGGATAT","WMEA_00078_An_1","00078","Miseq001","1","E07","ITS","HIFI","24","E07","LitterArthroB_1_1","1","20180306","LitterArthro","Herbivore","Animal","Terrestrial","Nhu","Roly poly","21.6336","_158.05209"
"100418","ACGAAGCA","CGCGTATA","WMEA_00078_An_1","00078","Miseq001","1","E07","ITS","3G","22","E07","LitterArthroB_1_1","1","20180306","LitterArthro","Herbivore","Animal","Terrestrial","Nhu","Roly poly","21.6336","_158.05209"
"100278","TGCAACGT","CCTATTCG","WMEA_00079_No_1","00079","Miseq001","2","A03","ITS","HIFI","23","A03","SoilShallowA_1","1","20180306","SoilShallow","Environmental","Nonhost","Terrestrial","Nhu",NA,"21.6336","_158.05209"
"100462","TGCAACGT","TCACTGAG","WMEA_00079_No_1","00079","Miseq001","2","A03","ITS","3G","21","A03","SoilShallowA_1","1","20180306","SoilShallow","Environmental","Nonhost","Terrestrial","Nhu",NA,"21.6336","_158.05209"
"100354","TGCATGGT","CCAATTCC","WMEA_00080_No_1","00080","Miseq001","2","H02","ITS","HIFI","23","H02","SoilShallowB_1","1","20180306","SoilShallow","Environmental","Nonhost","Terrestrial","Nhu",NA,"21.6336","_158.05209"
"100538","TGCATGGT","CTTGTGGA","WMEA_00080_No_1","00080","Miseq001","2","H02","ITS","3G","21","H02","SoilShallowB_1","1","20180306","SoilShallow","Environmental","Nonhost","Terrestrial","Nhu",NA,"21.6336","_158.05209"
"100343","TGCATGGT","AAGCTACC","WMEA_00081_No_1","00081","Miseq001","2","G02","ITS","HIFI","23","G02","SoilShallowC_1","1","20180306","SoilShallow","Environmental","Nonhost","Terrestrial","Nhu",NA,"21.6336","_158.05209"
"100527","TGCATGGT","GCATAACC","WMEA_00081_No_1","00081","Miseq001","2","G02","ITS","3G","21","G02","SoilShallowC_1","1","20180306","SoilShallow","Environmental","Nonhost","Terrestrial","Nhu",NA,"21.6336","_158.05209"
"100332","TGCATGGT","AACCTTCC","WMEA_00082_No_1","00082","Miseq001","2","F02","ITS","HIFI","23","F02","SoilMiddleA_1","1","20180306","SoilMiddle","Environmental","Nonhost","Terrestrial","Nhu",NA,"21.6336","_158.05209"
"100516","TGCATGGT","CATGGATC","WMEA_00082_No_1","00082","Miseq001","2","F02","ITS","3G","21","F02","SoilMiddleA_1","1","20180306","SoilMiddle","Environmental","Nonhost","Terrestrial","Nhu",NA,"21.6336","_158.05209"
"100321","TGCATGGT","GGTACCTA","WMEA_00083_No_1","00083","Miseq001","2","E02","ITS","HIFI","23","E02","SoilMiddleB_1","1","20180306","SoilMiddle","Environmental","Nonhost","Terrestrial","Nhu",NA,"21.6336","_158.05209"
"100505","TGCATGGT","CTTCACCA","WMEA_00083_No_1","00083","Miseq001","2","E02","ITS","3G","21","E02","SoilMiddleB_1","1","20180306","SoilMiddle","Environmental","Nonhost","Terrestrial","Nhu",NA,"21.6336","_158.05209"
"100310","TGCATGGT","CTCTTGAC","WMEA_00084_No_1","00084","Miseq001","2","D02","ITS","HIFI","23","D02","SoilMiddleC_1","1","20180306","SoilMiddle","Environmental","Nonhost","Terrestrial","Nhu",NA,"21.6336","_158.05209"
"100494","TGCATGGT","AAGCGCTT","WMEA_00084_No_1","00084","Miseq001","2","D02","ITS","3G","21","D02","SoilMiddleC_1","1","20180306","SoilMiddle","Environmental","Nonhost","Terrestrial","Nhu",NA,"21.6336","_158.05209"
"100277","TGCATGGT","CCTATTCG","WMEA_00085_No_1","00085","Miseq001","2","A02","ITS","HIFI","23","A02","SoilDeepA_1","1","20180306","SoilDeep","Environmental","Nonhost","Terrestrial","Nhu",NA,"21.6336","_158.05209"
"100461","TGCATGGT","TCACTGAG","WMEA_00085_No_1","00085","Miseq001","2","A02","ITS","3G","21","A02","SoilDeepA_1","1","20180306","SoilDeep","Environmental","Nonhost","Terrestrial","Nhu",NA,"21.6336","_158.05209"
"100299","TGCATGGT","AGTGAGAC","WMEA_00086_No_1","00086","Miseq001","2","C02","ITS","HIFI","23","C02","SoilDeepB_1","1","20180306","SoilDeep","Environmental","Nonhost","Terrestrial","Nhu",NA,"21.6336","_158.05209"
"100483","TGCATGGT","TCTCCACA","WMEA_00086_No_1","00086","Miseq001","2","C02","ITS","3G","21","C02","SoilDeepB_1","1","20180306","SoilDeep","Environmental","Nonhost","Terrestrial","Nhu",NA,"21.6336","_158.05209"
"100288","TGCATGGT","GTTGGATC","WMEA_00087_No_1","00087","Miseq001","2","B02","ITS","HIFI","23","B02","SoilDeepC_1","1","20180306","SoilDeep","Environmental","Nonhost","Terrestrial","Nhu",NA,"21.6336","_158.05209"
"100472","TGCATGGT","TTGCTTGC","WMEA_00087_No_1","00087","Miseq001","2","B02","ITS","3G","21","B02","SoilDeepC_1","1","20180306","SoilDeep","Environmental","Nonhost","Terrestrial","Nhu",NA,"21.6336","_158.05209"
"100221","GCTATTGG","ATAAGGCG","WMEA_00432_Pl_1","00432","Miseq001","1","D05","ITS","HIFI","24","D05","MonocotStemA_1","1","20180306","MonocotStem","PrimaryProducer","Plant","Terrestrial","Anthony","need ID Voucher","21.6336","_158.05209"
"100404","GCTATTGG","TCGAAGGA","WMEA_00432_Pl_1","00432","Miseq001","1","D05","ITS","3G","22","D05","MonocotStemA_1","1","20180306","MonocotStem","PrimaryProducer","Plant","Terrestrial","Anthony","need ID Voucher","21.6336","_158.05209"
"100233","GCTATTGG","CCGGATAT","WMEA_00433_Pl_1","00433","Miseq001","1","E05","ITS","HIFI","24","E05","MonocotStemB_1","1","20180306","MonocotStem","PrimaryProducer","Plant","Terrestrial","Anthony","need ID Voucher","21.6336","_158.05209"
"100416","GCTATTGG","CGCGTATA","WMEA_00433_Pl_1","00433","Miseq001","1","E05","ITS","3G","22","E05","MonocotStemB_1","1","20180306","MonocotStem","PrimaryProducer","Plant","Terrestrial","Anthony","need ID Voucher","21.6336","_158.05209"
"100245","GCTATTGG","TTGGCGTA","WMEA_00434_Pl_1","00434","Miseq001","1","F05","ITS","HIFI","24","F05","MonocotStemC_1","1","20180306","MonocotStem","PrimaryProducer","Plant","Terrestrial","Anthony","need ID Voucher","21.6336","_158.05209"
"100428","GCTATTGG","CAGTTGAC","WMEA_00434_Pl_1","00434","Miseq001","1","F05","ITS","3G","22","F05","MonocotStemC_1","1","20180306","MonocotStem","PrimaryProducer","Plant","Terrestrial","Anthony","need ID Voucher","21.6336","_158.05209"
"100256","GCTATTGG","GAGAACAC","WMEA_00447_Pl_1","00447","Miseq001","1","G05","ITS","HIFI","24","G05","MonocotRootA_1","1","20180306","MonocotRoot","PrimaryProducer","Plant","Terrestrial","Anthony","need ID Voucher","21.6336","_158.05209"
"100440","GCTATTGG","TGACCAGT","WMEA_00447_Pl_1","00447","Miseq001","1","G05","ITS","3G","22","G05","MonocotRootA_1","1","20180306","MonocotRoot","PrimaryProducer","Plant","Terrestrial","Anthony","need ID Voucher","21.6336","_158.05209"
"100268","GCTATTGG","CACTAGAC","WMEA_00448_Pl_1","00448","Miseq001","1","H05","ITS","HIFI","24","H05","MonocotRootB_1","1","20180306","MonocotRoot","PrimaryProducer","Plant","Terrestrial","Anthony","need ID Voucher","21.6336","_158.05209"
"100452","GCTATTGG","ACAGACAG","WMEA_00448_Pl_1","00448","Miseq001","1","H05","ITS","3G","22","H05","MonocotRootB_1","1","20180306","MonocotRoot","PrimaryProducer","Plant","Terrestrial","Anthony","need ID Voucher","21.6336","_158.05209"
"100186","GAGTAGAC","AGACCAGA","WMEA_00449_Pl_1","00449","Miseq001","1","A06","ITS","HIFI","24","A06","MonocotRootC_1","1","20180306","MonocotRoot","PrimaryProducer","Plant","Terrestrial","Anthony","need ID Voucher","21.6336","_158.05209"
"100369","GAGTAGAC","TTGGTTCC","WMEA_00449_Pl_1","00449","Miseq001","1","A06","ITS","3G","22","A06","MonocotRootC_1","1","20180306","MonocotRoot","PrimaryProducer","Plant","Terrestrial","Anthony","need ID Voucher","21.6336","_158.05209"
"100215","GGTTGCTA","TATTCCGC","WMEA_00476_An_1","00476","Miseq001","1","C11","ITS","HIFI","24","C11","StreamInvertA_1","1","20180627","StreamInvertebrate","Herbivore","Animal","Riverine","Craig","Chironomid","21.6336","_158.05209"
"100398","GGTTGCTA","CGTTAAGC","WMEA_00476_An_1","00476","Miseq001","1","C11","ITS","3G","22","C11","StreamInvertA_1","1","20180627","StreamInvertebrate","Herbivore","Animal","Riverine","Craig","Chironomid","21.6336","_158.05209"
"100410","GGTTGCTA","TCGAAGGA","WMEA_00477_An_1","00477","Miseq001","1","D11","ITS","3G","22","D11","StreamInvertB_1","1","20180627","StreamInvertebrate","Herbivore","Animal","Riverine","Craig","Chironomid","21.6336","_158.05209"
"100239","GGTTGCTA","CCGGATAT","WMEA_00478_An_1","00478","Miseq001","1","E11","ITS","HIFI","24","E11","StreamInvertC_1","1","20180627","StreamInvertebrate","Herbivore","Animal","Riverine","Craig","Chironomid green","21.6336","_158.05209"
"100422","GGTTGCTA","CGCGTATA","WMEA_00478_An_1","00478","Miseq001","1","E11","ITS","3G","22","E11","StreamInvertC_1","1","20180627","StreamInvertebrate","Herbivore","Animal","Riverine","Craig","Chironomid green","21.6336","_158.05209"
"100251","GGTTGCTA","TTGGCGTA","WMEA_00479_An_1","00479","Miseq001","1","F11","ITS","HIFI","24","F11","StreamInvertD_1","1","20180627","StreamInvertebrate","Omnivore","Animal","Riverine","Craig","Red worms 3","21.6336","_158.05209"
"100434","GGTTGCTA","CAGTTGAC","WMEA_00479_An_1","00479","Miseq001","1","F11","ITS","3G","22","F11","StreamInvertD_1","1","20180627","StreamInvertebrate","Omnivore","Animal","Riverine","Craig","Red worms 3","21.6336","_158.05209"
"100262","GGTTGCTA","GAGAACAC","WMEA_00480_An_1","00480","Miseq001","1","G11","ITS","HIFI","24","G11","StreamInvertE_1","1","20180627","StreamInvertebrate","Omnivore","Animal","Riverine","Craig","Chironomid","21.6336","_158.05209"
"100446","GGTTGCTA","TGACCAGT","WMEA_00480_An_1","00480","Miseq001","1","G11","ITS","3G","22","G11","StreamInvertE_1","1","20180627","StreamInvertebrate","Omnivore","Animal","Riverine","Craig","Chironomid","21.6336","_158.05209"
"100274","GGTTGCTA","CACTAGAC","WMEA_00481_An_1","00481","Miseq001","1","H11","ITS","HIFI","24","H11","StreamInvertF_1","1","20180627","StreamInvertebrate","Omnivore","Animal","Riverine","Craig","Mosquito larva","21.6336","_158.05209"
"100458","GGTTGCTA","ACAGACAG","WMEA_00481_An_1","00481","Miseq001","1","H11","ITS","3G","22","H11","StreamInvertF_1","1","20180627","StreamInvertebrate","Omnivore","Animal","Riverine","Craig","Mosquito larva","21.6336","_158.05209"
"100375","GAGAGAGA","TTGGTTCC","WMEA_00482_An_1","00482","Miseq001","1","A12","ITS","3G","22","A12","StreamInvertG_1","1","20180627","StreamInvertebrate","Omnivore","Animal","Riverine","Craig","Red worms","21.6336","_158.05209"
"100387","GAGAGAGA","CGAAGCAA","WMEA_00483_An_1","00483","Miseq001","1","B12","ITS","3G","22","B12","StreamInvertH_1","1","20180627","StreamInvertebrate","Omnivore","Animal","Riverine","Craig","Chironomid","21.6336","_158.05209"
"100216","GAGAGAGA","TATTCCGC","WMEA_00484_An_1","00484","Miseq001","1","C12","ITS","HIFI","24","C12","StreamInvertI_1","1","20180627","StreamInvertebrate","Omnivore","Animal","Riverine","Craig","Chironomid","21.6336","_158.05209"
"100399","GAGAGAGA","CGTTAAGC","WMEA_00484_An_1","00484","Miseq001","1","C12","ITS","3G","22","C12","StreamInvertI_1","1","20180627","StreamInvertebrate","Omnivore","Animal","Riverine","Craig","Chironomid","21.6336","_158.05209"
"100228","GAGAGAGA","ATAAGGCG","WMEA_00485_An_1","00485","Miseq001","1","D12","ITS","HIFI","24","D12","StreamInvertJ_1","1","20180627","StreamInvertebrate","Omnivore","Animal","Riverine","Craig","Unidentified _ likely a mayfly larva refer to image","21.6336","_158.05209"
"100411","GAGAGAGA","TCGAAGGA","WMEA_00485_An_1","00485","Miseq001","1","D12","ITS","3G","22","D12","StreamInvertJ_1","1","20180627","StreamInvertebrate","Omnivore","Animal","Riverine","Craig","Unidentified _ likely a mayfly larva refer to image","21.6336","_158.05209"
"100423","GAGAGAGA","CGCGTATA","WMEA_00486_An_1","00486","Miseq001","1","E12","ITS","3G","22","E12","StreamInvertK_1","1","20180627","StreamInvertebrate","Omnivore","Animal","Riverine","Craig","Chironomid green","21.6336","_158.05209"
"100308","GGTTGCTA","AGTGAGAC","WMEA_00487_An_1","00487","Miseq001","1","C11","ITS","HIFI","23","C11","StreamInvertebrate","1","20180627","StreamInvertebrate","Omnivore","Animal","Riverine","Craig","Red worms 3","21.6336","_158.05209"
"100435","GAGAGAGA","CAGTTGAC","WMEA_00487_An_1","00487","Miseq001","1","F12","ITS","3G","22","F12","StreamInvertL_1","1","20180627","StreamInvertebrate","Omnivore","Animal","Riverine","Craig","Red worms 3","21.6336","_158.05209"
"100319","GGTTGCTA","CTCTTGAC","WMEA_00488_An_1","00488","Miseq001","1","D11","ITS","HIFI","23","D11","StreamInvertebrate","1","20180627","StreamInvertebrate","Omnivore","Animal","Riverine","Craig","unidentified","21.6336","_158.05209"
"100327","AGTGCACT","GGTACCTA","WMEA_00489_An_1","00489","Miseq001","2","E08","ITS","HIFI","23","E08","AquaGastroA_1","1","20180627","AquaticGastropod","Herbivore","Animal","Riverine","Craig","Snail","21.6336","_158.05209"
"100511","AGTGCACT","CTTCACCA","WMEA_00489_An_1","00489","Miseq001","2","E08","ITS","3G","21","E08","AquaGastroA_1","1","20180627","AquaticGastropod","Herbivore","Animal","Riverine","Craig","Snail","21.6336","_158.05209"
"100358","GAGTAGAC","CCAATTCC","WMEA_00492_No_1","00492","Miseq001","2","H06","ITS","HIFI","23","H06","SlowSwabA_1","1","20180627","HardSubstrateSwab","Environmental","Nonhost","Riverine","Craig",NA,"21.6336","_158.05209"
"100542","GAGTAGAC","CTTGTGGA","WMEA_00492_No_1","00492","Miseq001","2","H06","ITS","3G","21","H06","SlowSwabA_1","1","20180627","HardSubstrateSwab","Environmental","Nonhost","Riverine","Craig",NA,"21.6336","_158.05209"
"100282","ACGAAGCA","CCTATTCG","WMEA_00493_No_1","00493","Miseq001","2","A07","ITS","HIFI","23","A07","SlowSwabB_1","1","20180627","HardSubstrateSwab","Environmental","Nonhost","Riverine","Craig",NA,"21.6336","_158.05209"
"100466","ACGAAGCA","TCACTGAG","WMEA_00493_No_1","00493","Miseq001","2","A07","ITS","3G","21","A07","SlowSwabB_1","1","20180627","HardSubstrateSwab","Environmental","Nonhost","Riverine","Craig",NA,"21.6336","_158.05209"
"100293","ACGAAGCA","GTTGGATC","WMEA_00494_No_1","00494","Miseq001","2","B07","ITS","HIFI","23","B07","SlowSwabC_1","1","20180627","HardSubstrateSwab","Environmental","Nonhost","Riverine","Craig",NA,"21.6336","_158.05209"
"100477","ACGAAGCA","TTGCTTGC","WMEA_00494_No_1","00494","Miseq001","2","B07","ITS","3G","21","B07","SlowSwabC_1","1","20180627","HardSubstrateSwab","Environmental","Nonhost","Riverine","Craig",NA,"21.6336","_158.05209"
"100304","ACGAAGCA","AGTGAGAC","WMEA_00495_No_1","00495","Miseq001","2","C07","ITS","HIFI","23","C07","FastSwabD_1","1","20180627","HardSubstrateSwab","Environmental","Nonhost","Riverine","Craig",NA,"21.6336","_158.05209"
"100488","ACGAAGCA","TCTCCACA","WMEA_00495_No_1","00495","Miseq001","2","C07","ITS","3G","21","C07","FastSwabD_1","1","20180627","HardSubstrateSwab","Environmental","Nonhost","Riverine","Craig",NA,"21.6336","_158.05209"
"100315","ACGAAGCA","CTCTTGAC","WMEA_00496_No_1","00496","Miseq001","2","D07","ITS","HIFI","23","D07","FastSwabE_1","1","20180627","HardSubstrateSwab","Environmental","Nonhost","Riverine","Craig",NA,"21.6336","_158.05209"
"100499","ACGAAGCA","AAGCGCTT","WMEA_00496_No_1","00496","Miseq001","2","D07","ITS","3G","21","D07","FastSwabE_1","1","20180627","HardSubstrateSwab","Environmental","Nonhost","Riverine","Craig",NA,"21.6336","_158.05209"
"100326","ACGAAGCA","GGTACCTA","WMEA_00497_No_1","00497","Miseq001","2","E07","ITS","HIFI","23","E07","FastSwabF_1","1","20180627","HardSubstrateSwab","Environmental","Nonhost","Riverine","Craig",NA,"21.6336","_158.05209"
"100510","ACGAAGCA","CTTCACCA","WMEA_00497_No_1","00497","Miseq001","2","E07","ITS","3G","21","E07","FastSwabF_1","1","20180627","HardSubstrateSwab","Environmental","Nonhost","Riverine","Craig",NA,"21.6336","_158.05209"
"100320","ACCATCCT","GGTACCTA","WMEA_00498_No_1","00498","Miseq001","2","E01","ITS","HIFI","23","E01","POMCoarseA_1","1","20180627","DNetCoarsePOM","Environmental","Nonhost","Riverine","Craig",NA,"21.6336","_158.05209"
"100504","ACCATCCT","CTTCACCA","WMEA_00498_No_1","00498","Miseq001","2","E01","ITS","3G","21","E01","POMCoarseA_1","1","20180627","DNetCoarsePOM","Environmental","Nonhost","Riverine","Craig",NA,"21.6336","_158.05209"
"100331","ACCATCCT","AACCTTCC","WMEA_00499_No_1","00499","Miseq001","2","F01","ITS","HIFI","23","F01","POMCoarseB_1","1","20180627","DNetCoarsePOM","Environmental","Nonhost","Riverine","Craig",NA,"21.6336","_158.05209"
"100515","ACCATCCT","CATGGATC","WMEA_00499_No_1","00499","Miseq001","2","F01","ITS","3G","21","F01","POMCoarseB_1","1","20180627","DNetCoarsePOM","Environmental","Nonhost","Riverine","Craig",NA,"21.6336","_158.05209"
"100298","ACCATCCT","AGTGAGAC","WMEA_00500_No_1","00500","Miseq001","2","C01","ITS","HIFI","23","C01","POMCoarseC_1","1","20180627","DNetCoarsePOM","Environmental","Nonhost","Riverine","Craig",NA,"21.6336","_158.05209"
"100482","ACCATCCT","TCTCCACA","WMEA_00500_No_1","00500","Miseq001","2","C01","ITS","3G","21","C01","POMCoarseC_1","1","20180627","DNetCoarsePOM","Environmental","Nonhost","Riverine","Craig",NA,"21.6336","_158.05209"
"100276","ACCATCCT","CCTATTCG","WMEA_00501_No_1","00501","Miseq001","2","A01","ITS","HIFI","23","A01","POMFineA_1","1","20180627","DNetFinePOM","Environmental","Nonhost","Riverine","Craig",NA,"21.6336","_158.05209"
"100460","ACCATCCT","TCACTGAG","WMEA_00501_No_1","00501","Miseq001","2","A01","ITS","3G","21","A01","POMFineA_1","1","20180627","DNetFinePOM","Environmental","Nonhost","Riverine","Craig",NA,"21.6336","_158.05209"
"100287","ACCATCCT","GTTGGATC","WMEA_00502_No_1","00502","Miseq001","2","B01","ITS","HIFI","23","B01","POMFineB_1","1","20180627","DNetFinePOM","Environmental","Nonhost","Riverine","Craig",NA,"21.6336","_158.05209"
"100471","ACCATCCT","TTGCTTGC","WMEA_00502_No_1","00502","Miseq001","2","B01","ITS","3G","21","B01","POMFineB_1","1","20180627","DNetFinePOM","Environmental","Nonhost","Riverine","Craig",NA,"21.6336","_158.05209"
"100309","ACCATCCT","CTCTTGAC","WMEA_00503_No_1","00503","Miseq001","2","D01","ITS","HIFI","23","D01","POMFineC_1","1","20180627","DNetFinePOM","Environmental","Nonhost","Riverine","Craig",NA,"21.6336","_158.05209"
"100493","ACCATCCT","AAGCGCTT","WMEA_00503_No_1","00503","Miseq001","2","D01","ITS","3G","21","D01","POMFineC_1","1","20180627","DNetFinePOM","Environmental","Nonhost","Riverine","Craig",NA,"21.6336","_158.05209"
"100484","TGCAACGT","TCTCCACA","WMEA_00504_Pl_1","00504","Miseq001","2","C03","ITS","3G","21","C03","MacroAlgaA_1","1","20180627","Macro_algae","PrimaryProducer","Plant","Riverine","Craig",NA,"21.6336","_158.05209"
"100348","ACGAAGCA","AAGCTACC","WMEA_00510_No_1","00510","Miseq001","2","G07","ITS","HIFI","23","G07","SedimentA_1","1","20180627","Sediment","Environmental","Nonhost","Riverine","Craig",NA,"21.6336","_158.05209"
"100532","ACGAAGCA","GCATAACC","WMEA_00510_No_1","00510","Miseq001","2","G07","ITS","3G","21","G07","SedimentA_1","1","20180627","Sediment","Environmental","Nonhost","Riverine","Craig",NA,"21.6336","_158.05209"
"100359","ACGAAGCA","CCAATTCC","WMEA_00511_No_1","00511","Miseq001","2","H07","ITS","HIFI","23","H07","SedimentB_1","1","20180627","Sediment","Environmental","Nonhost","Riverine","Craig",NA,"21.6336","_158.05209"
"100543","ACGAAGCA","CTTGTGGA","WMEA_00511_No_1","00511","Miseq001","2","H07","ITS","3G","21","H07","SedimentB_1","1","20180627","Sediment","Environmental","Nonhost","Riverine","Craig",NA,"21.6336","_158.05209"
"100312","CTCAAGAC","CTCTTGAC","WMEA_00648_An_1","00648","Miseq001","2","D04","ITS","HIFI","23","D04","Drosophila","1","20180306","DrosophilaBaited","Herbivore","Animal","Terrestrial","Joanne","A 90perc","21.6336","_158.05209"
"100496","CTCAAGAC","AAGCGCTT","WMEA_00648_An_1","00648","Miseq001","2","D04","ITS","3G","21","D04","Drosophila","1","20180306","DrosophilaBaited","Herbivore","Animal","Terrestrial","Joanne","A 90perc","21.6336","_158.05209"
"100323","CTCAAGAC","GGTACCTA","WMEA_00649_An_1","00649","Miseq001","2","E04","ITS","HIFI","23","E04","Drosophila","1","20180306","DrosophilaBaited","Herbivore","Animal","Terrestrial","Joanne","A 95perc","21.6336","_158.05209"
"100507","CTCAAGAC","CTTCACCA","WMEA_00649_An_1","00649","Miseq001","2","E04","ITS","3G","21","E04","Drosophila","1","20180306","DrosophilaBaited","Herbivore","Animal","Terrestrial","Joanne","A 95perc","21.6336","_158.05209"
"100334","CTCAAGAC","AACCTTCC","WMEA_00650_An_1","00650","Miseq001","2","F04","ITS","HIFI","23","F04","Drosophila","1","20180306","DrosophilaBaited","Herbivore","Animal","Terrestrial","Joanne","A 95perc","21.6336","_158.05209"
"100518","CTCAAGAC","CATGGATC","WMEA_00650_An_1","00650","Miseq001","2","F04","ITS","3G","21","F04","Drosophila","1","20180306","DrosophilaBaited","Herbivore","Animal","Terrestrial","Joanne","A 95perc","21.6336","_158.05209"
"100345","CTCAAGAC","AAGCTACC","WMEA_00651_An_1","00651","Miseq001","2","G04","ITS","HIFI","23","G04","Drosophila","1","20180306","DrosophilaBaited","Herbivore","Animal","Terrestrial","Joanne","A 95perc","21.6336","_158.05209"
"100529","CTCAAGAC","GCATAACC","WMEA_00651_An_1","00651","Miseq001","2","G04","ITS","3G","21","G04","Drosophila","1","20180306","DrosophilaBaited","Herbivore","Animal","Terrestrial","Joanne","A 95perc","21.6336","_158.05209"
"100356","CTCAAGAC","CCAATTCC","WMEA_00652_An_1","00652","Miseq001","2","H04","ITS","HIFI","23","H04","Drosophila","1","20180306","DrosophilaBaited","Herbivore","Animal","Terrestrial","Joanne","B 95perc","21.6336","_158.05209"
"100540","CTCAAGAC","CTTGTGGA","WMEA_00652_An_1","00652","Miseq001","2","H04","ITS","3G","21","H04","Drosophila","1","20180306","DrosophilaBaited","Herbivore","Animal","Terrestrial","Joanne","B 95perc","21.6336","_158.05209"
"100302","GCTATTGG","AGTGAGAC","WMEA_00653_An_1","00653","Miseq001","2","C05","ITS","HIFI","23","C05","Drosophila","1","20180306","DrosophilaBaited","Herbivore","Animal","Terrestrial","Joanne","B 95perc","21.6336","_158.05209"
"100486","GCTATTGG","TCTCCACA","WMEA_00653_An_1","00653","Miseq001","2","C05","ITS","3G","21","C05","Drosophila","1","20180306","DrosophilaBaited","Herbivore","Animal","Terrestrial","Joanne","B 95perc","21.6336","_158.05209"
"100313","GCTATTGG","CTCTTGAC","WMEA_00654_An_1","00654","Miseq001","2","D05","ITS","HIFI","23","D05","Drosophila","1","20180306","DrosophilaBaited","Herbivore","Animal","Terrestrial","Joanne","B 95perc","21.6336","_158.05209"
"100497","GCTATTGG","AAGCGCTT","WMEA_00654_An_1","00654","Miseq001","2","D05","ITS","3G","21","D05","Drosophila","1","20180306","DrosophilaBaited","Herbivore","Animal","Terrestrial","Joanne","B 95perc","21.6336","_158.05209"
"100324","GCTATTGG","GGTACCTA","WMEA_00656_An_1","00656","Miseq001","2","E05","ITS","HIFI","23","E05","Drosophila","1","20180306","DrosophilaBaited","Herbivore","Animal","Terrestrial","Joanne","B 95perc","21.6336","_158.05209"
"100508","GCTATTGG","CTTCACCA","WMEA_00656_An_1","00656","Miseq001","2","E05","ITS","3G","21","E05","Drosophila","1","20180306","DrosophilaBaited","Herbivore","Animal","Terrestrial","Joanne","B 95perc","21.6336","_158.05209"
"100335","GCTATTGG","AACCTTCC","WMEA_00657_An_1","00657","Miseq001","2","F05","ITS","HIFI","23","F05","Drosophila","1","20180306","DrosophilaBaited","Herbivore","Animal","Terrestrial","Joanne","C 95perc","21.6336","_158.05209"
"100519","GCTATTGG","CATGGATC","WMEA_00657_An_1","00657","Miseq001","2","F05","ITS","3G","21","F05","Drosophila","1","20180306","DrosophilaBaited","Herbivore","Animal","Terrestrial","Joanne","C 95perc","21.6336","_158.05209"
"100465","GAGTAGAC","TCACTGAG","WMEA_00658_An_1","00658","Miseq001","2","A06","ITS","3G","21","A06","Drosophila","1","20180306","DrosophilaBaited","Herbivore","Animal","Terrestrial","Joanne","C 95perc","21.6336","_158.05209"
"100346","GCTATTGG","AAGCTACC","WMEA_00659_An_1","00659","Miseq001","2","G05","ITS","HIFI","23","G05","Drosophila","1","20180306","DrosophilaBaited","Herbivore","Animal","Terrestrial","Joanne","C 95perc","21.6336","_158.05209"
"100530","GCTATTGG","GCATAACC","WMEA_00659_An_1","00659","Miseq001","2","G05","ITS","3G","21","G05","Drosophila","1","20180306","DrosophilaBaited","Herbivore","Animal","Terrestrial","Joanne","C 95perc","21.6336","_158.05209"
"100357","GCTATTGG","CCAATTCC","WMEA_00660_An_1","00660","Miseq001","2","H05","ITS","HIFI","23","H05","Drosophila","1","20180306","DrosophilaBaited","Herbivore","Animal","Terrestrial","Joanne","V","21.6336","_158.05209"
"100541","GCTATTGG","CTTGTGGA","WMEA_00660_An_1","00660","Miseq001","2","H05","ITS","3G","21","H05","Drosophila","1","20180306","DrosophilaBaited","Herbivore","Animal","Terrestrial","Joanne","V","21.6336","_158.05209"
"100292","GAGTAGAC","GTTGGATC","WMEA_00661_An_1","00661","Miseq001","2","B06","ITS","HIFI","23","B06","Drosophila","1","20180306","DrosophilaBaited","Herbivore","Animal","Terrestrial","Joanne","V","21.6336","_158.05209"
"100476","GAGTAGAC","TTGCTTGC","WMEA_00661_An_1","00661","Miseq001","2","B06","ITS","3G","21","B06","Drosophila","1","20180306","DrosophilaBaited","Herbivore","Animal","Terrestrial","Joanne","V","21.6336","_158.05209"
"100303","GAGTAGAC","AGTGAGAC","WMEA_00662_An_1","00662","Miseq001","2","C06","ITS","HIFI","23","C06","Drosophila","1","20180306","DrosophilaBaited","Herbivore","Animal","Terrestrial","Joanne","D 90perc","21.6336","_158.05209"
"100487","GAGTAGAC","TCTCCACA","WMEA_00662_An_1","00662","Miseq001","2","C06","ITS","3G","21","C06","Drosophila","1","20180306","DrosophilaBaited","Herbivore","Animal","Terrestrial","Joanne","D 90perc","21.6336","_158.05209"
"100314","GAGTAGAC","CTCTTGAC","WMEA_00663_An_1","00663","Miseq001","2","D06","ITS","HIFI","23","D06","Drosophila","1","20180306","DrosophilaBaited","Herbivore","Animal","Terrestrial","Joanne","D 90perc","21.6336","_158.05209"
"100325","GAGTAGAC","GGTACCTA","WMEA_00664_An_1","00664","Miseq001","2","E06","ITS","HIFI","23","E06","Drosophila","1","20180306","DrosophilaBaited","Herbivore","Animal","Terrestrial","Joanne","D 90perc","21.6336","_158.05209"
"100509","GAGTAGAC","CTTCACCA","WMEA_00664_An_1","00664","Miseq001","2","E06","ITS","3G","21","E06","Drosophila","1","20180306","DrosophilaBaited","Herbivore","Animal","Terrestrial","Joanne","D 90perc","21.6336","_158.05209"
"100336","GAGTAGAC","AACCTTCC","WMEA_00665_An_1","00665","Miseq001","2","F06","ITS","HIFI","23","F06","Drosophila","1","20180306","DrosophilaBaited","Herbivore","Animal","Terrestrial","Joanne","D 90perc","21.6336","_158.05209"
"100520","GAGTAGAC","CATGGATC","WMEA_00665_An_1","00665","Miseq001","2","F06","ITS","3G","21","F06","Drosophila","1","20180306","DrosophilaBaited","Herbivore","Animal","Terrestrial","Joanne","D 90perc","21.6336","_158.05209"
"100347","GAGTAGAC","AAGCTACC","WMEA_00666_An_1","00666","Miseq001","2","G06","ITS","HIFI","23","G06","Drosophila","1","20180306","DrosophilaBaited","Herbivore","Animal","Terrestrial","Joanne","D 90perc","21.6336","_158.05209"
"100531","GAGTAGAC","GCATAACC","WMEA_00666_An_1","00666","Miseq001","2","G06","ITS","3G","21","G06","Drosophila","1","20180306","DrosophilaBaited","Herbivore","Animal","Terrestrial","Joanne","D 90perc","21.6336","_158.05209"
"100409","TGCTACCT","TCGAAGGA","WMEA_00759_An_1","00759","Miseq001","1","D10","ITS","3G","22","D10","030618 MEDE 0007","1","20180306","Gastropod","Multiple","Animal","Terrestrial","Matt","Meghimatium bilineatum previously labeled as 030618_MEDE_0007_CMAIKI Deroceras laeve 1","21.6336","_158.05209"
"100238","TGCTACCT","CCGGATAT","WMEA_00760_An_1","00760","Miseq001","1","E10","ITS","HIFI","24","E10","030618 MEDE 0008","1","20180306","Gastropod","Multiple","Animal","Terrestrial","Matt","Meghimatium bilineatum previously labeled as 030618_MEDE_0008_CMAIKI Deroceras laeve 1","21.6336","_158.05209"
"100421","TGCTACCT","CGCGTATA","WMEA_00760_An_1","00760","Miseq001","1","E10","ITS","3G","22","E10","030618 MEDE 0008","1","20180306","Gastropod","Multiple","Animal","Terrestrial","Matt","Meghimatium bilineatum previously labeled as 030618_MEDE_0008_CMAIKI Deroceras laeve 1","21.6336","_158.05209"
"100250","TGCTACCT","TTGGCGTA","WMEA_00761_An_1","00761","Miseq001","1","F10","ITS","HIFI","24","F10","030618 MEDE 0009","1","20180306","Gastropod","Multiple","Animal","Terrestrial","Matt","Subulina octona previously labeled as 030618_MEDE_0009_CMAIKI","21.6336","_158.05209"
"100433","TGCTACCT","CAGTTGAC","WMEA_00761_An_1","00761","Miseq001","1","F10","ITS","3G","22","F10","030618 MEDE 0009","1","20180306","Gastropod","Multiple","Animal","Terrestrial","Matt","Subulina octona previously labeled as 030618_MEDE_0009_CMAIKI","21.6336","_158.05209"
"100261","TGCTACCT","GAGAACAC","WMEA_00762_An_1","00762","Miseq001","1","G10","ITS","HIFI","24","G10","030618 MEDE 0010","1","20180306","Gastropod","Multiple","Animal","Terrestrial","Matt","Subulina octona previously labeled as 030618_MEDE_0010_CMAIKI","21.6336","_158.05209"
"100445","TGCTACCT","TGACCAGT","WMEA_00762_An_1","00762","Miseq001","1","G10","ITS","3G","22","G10","030618 MEDE 0010","1","20180306","Gastropod","Multiple","Animal","Terrestrial","Matt","Subulina octona previously labeled as 030618_MEDE_0010_CMAIKI","21.6336","_158.05209"
"100273","TGCTACCT","CACTAGAC","WMEA_00763_An_1","00763","Miseq001","1","H10","ITS","HIFI","24","H10","030618 MEDE 0011","1","20180306","Gastropod","Multiple","Animal","Terrestrial","Matt","Subulina octona previously labeled as 030618_MEDE_0011_CMAIKI","21.6336","_158.05209"
"100457","TGCTACCT","ACAGACAG","WMEA_00763_An_1","00763","Miseq001","1","H10","ITS","3G","22","H10","030618 MEDE 0011","1","20180306","Gastropod","Multiple","Animal","Terrestrial","Matt","Subulina octona previously labeled as 030618_MEDE_0011_CMAIKI","21.6336","_158.05209"
"100191","GGTTGCTA","AGACCAGA","WMEA_00764_An_1","00764","Miseq001","1","A11","ITS","HIFI","24","A11","030618 MEDE 0012","1","20180306","Gastropod","Multiple","Animal","Terrestrial","Matt","Subulina octona previously labeled as 030618_MEDE_0012_CMAIKI","21.6336","_158.05209"
"100374","GGTTGCTA","TTGGTTCC","WMEA_00764_An_1","00764","Miseq001","1","A11","ITS","3G","22","A11","030618 MEDE 0012","1","20180306","Gastropod","Multiple","Animal","Terrestrial","Matt","Subulina octona previously labeled as 030618_MEDE_0012_CMAIKI","21.6336","_158.05209"
"100203","GGTTGCTA","AGCAGAAC","WMEA_00765_An_1","00765","Miseq001","1","B11","ITS","HIFI","24","B11","030618 MEDE 0013","1","20180306","Gastropod","Multiple","Animal","Terrestrial","Matt","Subulina octona previously labeled as 030618_MEDE_0013_CMAIKI","21.6336","_158.05209"
"100386","GGTTGCTA","CGAAGCAA","WMEA_00765_An_1","00765","Miseq001","1","B11","ITS","3G","22","B11","030618 MEDE 0013","1","20180306","Gastropod","Multiple","Animal","Terrestrial","Matt","Subulina octona previously labeled as 030618_MEDE_0013_CMAIKI","21.6336","_158.05209"
"100473","TGCAACGT","TTGCTTGC","WMEA_00766_An_1","00766","Miseq001","2","B03","ITS","3G","21","B03","030618 MEDE 0014","1","20180306","Gastropod","Multiple","Animal","Terrestrial","Matt","Platydemus manokwari","21.6336","_158.05209"
"100305","AGTGCACT","AGTGAGAC","WMEA_00772_No_3","00772","Miseq001","2","C08","ITS","HIFI","23","C08","J1","3","20180628","Air","Environmental","Nonhost","Terrestrial","Anthony","Bead MP Matrix A","21.62997","_158.04263"
"100489","AGTGCACT","TCTCCACA","WMEA_00772_No_3","00772","Miseq001","2","C08","ITS","3G","21","C08","J1","3","20180628","Air","Environmental","Nonhost","Terrestrial","Anthony","Bead MP Matrix A","21.62997","_158.04263"
"100259","AGTGCACT","GAGAACAC","WMEA_00773_No_2","00773","Miseq001","1","G08","ITS","HIFI","24","G08","J2","2","20180622","Air","Environmental","Nonhost","Terrestrial","Anthony","Swab Subsite B","21.630778","_158.048017"
"100443","AGTGCACT","TGACCAGT","WMEA_00773_No_2","00773","Miseq001","1","G08","ITS","3G","22","G08","J2","2","20180622","Air","Environmental","Nonhost","Terrestrial","Anthony","Swab Subsite B","21.630778","_158.048017"
"100294","AGTGCACT","GTTGGATC","WMEA_00774_No_2","00774","Miseq001","2","B08","ITS","HIFI","23","B08","J3","2","20180625","Air","Environmental","Nonhost","Terrestrial","Anthony","Bead MP Matrix A Subsite B","21.630778","_158.048017"
"100271","AGTGCACT","CACTAGAC","WMEA_00775_No_1","00775","Miseq001","1","H08","ITS","HIFI","24","H08","J4","1","20180625","Air","Environmental","Nonhost","Terrestrial","Anthony","Bead MP Matrix A","21.6336","_158.05209"
"100455","AGTGCACT","ACAGACAG","WMEA_00775_No_1","00775","Miseq001","1","H08","ITS","3G","22","H08","J4","1","20180625","Air","Environmental","Nonhost","Terrestrial","Anthony","Bead MP Matrix A","21.6336","_158.05209"
"100316","AGTGCACT","CTCTTGAC","WMEA_00776_No_2","00776","Miseq001","2","D08","ITS","HIFI","23","D08","J5","2","20180625","Air","Environmental","Nonhost","Terrestrial","Anthony","Bead MP Matrix A Subsite A","21.630778","_158.048017"
"100189","AGCAACGA","AGACCAGA","WMEA_00777_No_2","00777","Miseq001","1","A09","ITS","HIFI","24","A09","J6","2","20180620","Air","Environmental","Nonhost","Terrestrial","Anthony","Swab Subsite A","21.630778","_158.048017"
"100372","AGCAACGA","TTGGTTCC","WMEA_00777_No_2","00777","Miseq001","1","A09","ITS","3G","22","A09","J6","2","20180620","Air","Environmental","Nonhost","Terrestrial","Anthony","Swab Subsite A","21.630778","_158.048017"
"100201","AGCAACGA","AGCAGAAC","WMEA_00778_No_2","00778","Miseq001","1","B09","ITS","HIFI","24","B09","J7","2","20180620","Air","Environmental","Nonhost","Terrestrial","Anthony","Swab Subsite B","21.630778","_158.048017"
"100384","AGCAACGA","CGAAGCAA","WMEA_00778_No_2","00778","Miseq001","1","B09","ITS","3G","22","B09","J7","2","20180620","Air","Environmental","Nonhost","Terrestrial","Anthony","Swab Subsite B","21.630778","_158.048017"
"100213","AGCAACGA","TATTCCGC","WMEA_00779_No_2","00779","Miseq001","1","C09","ITS","HIFI","24","C09","J8","2","20180620","Air","Environmental","Nonhost","Terrestrial","Anthony","Swab Subsite C","21.630778","_158.048017"
"100396","AGCAACGA","CGTTAAGC","WMEA_00779_No_2","00779","Miseq001","1","C09","ITS","3G","22","C09","J8","2","20180620","Air","Environmental","Nonhost","Terrestrial","Anthony","Swab Subsite C","21.630778","_158.048017"
"100225","AGCAACGA","ATAAGGCG","WMEA_00780_No_2","00780","Miseq001","1","D09","ITS","HIFI","24","D09","J9","2","20180622","Air","Environmental","Nonhost","Terrestrial","Anthony","Swab Subsite C","21.630778","_158.048017"
"100408","AGCAACGA","TCGAAGGA","WMEA_00780_No_2","00780","Miseq001","1","D09","ITS","3G","22","D09","J9","2","20180622","Air","Environmental","Nonhost","Terrestrial","Anthony","Swab Subsite C","21.630778","_158.048017"
"100237","AGCAACGA","CCGGATAT","WMEA_00781_No_1","00781","Miseq001","1","E09","ITS","HIFI","24","E09","J10","1","20180622","Air","Environmental","Nonhost","Terrestrial","Anthony","Swab","21.6336","_158.05209"
"100420","AGCAACGA","CGCGTATA","WMEA_00781_No_1","00781","Miseq001","1","E09","ITS","3G","22","E09","J10","1","20180622","Air","Environmental","Nonhost","Terrestrial","Anthony","Swab","21.6336","_158.05209"
"100249","AGCAACGA","TTGGCGTA","WMEA_00782_No_2","00782","Miseq001","1","F09","ITS","HIFI","24","F09","J11","2","20180622","Air","Environmental","Nonhost","Terrestrial","Anthony","Swab Subsite A","21.630778","_158.048017"
"100432","AGCAACGA","CAGTTGAC","WMEA_00782_No_2","00782","Miseq001","1","F09","ITS","3G","22","F09","J11","2","20180622","Air","Environmental","Nonhost","Terrestrial","Anthony","Swab Subsite A","21.630778","_158.048017"
"100521","ACGAAGCA","CATGGATC","WMEA_00783_NA_NA","00783","Miseq001","2","F07","ITS","3G","21","F07","Conesnail",NA,"20180801","ConeSnail",NA,NA,NA,"Anthony",NA,NA,NA
"100295","AGCAACGA","GTTGGATC","WMEA_00787_No_1","00787","Miseq001","2","B09","ITS","HIFI","23","B09","Emergence A wood","1","20180806","EMChamberWood","Environmental","Nonhost","Terrestrial","Nhu","Wood from end of emergence chamber run","21.6336","_158.05209"
"100360","AGTGCACT","CCAATTCC","WMEA_00788_No_1","00788","Miseq001","2","H08","ITS","HIFI","23","H08","Emergence B wood","1","20180806","EMChamberWood","Environmental","Nonhost","Terrestrial","Nhu","Wood from end of emergence chamber run","21.6336","_158.05209"
"100284","AGCAACGA","CCTATTCG","WMEA_00789_No_1","00789","Miseq001","2","A09","ITS","HIFI","23","A09","Emergence C wood","1","20180806","EMChamberWood","Environmental","Nonhost","Terrestrial","Nhu","Wood from end of emergence chamber run","21.6336","_158.05209"
"100468","AGCAACGA","TCACTGAG","WMEA_00789_No_1","00789","Miseq001","2","A09","ITS","3G","21","A09","Emergence C wood","1","20180806","EMChamberWood","Environmental","Nonhost","Terrestrial","Nhu","Wood from end of emergence chamber run","21.6336","_158.05209"
"100381","GAGTAGAC","CGAAGCAA","WMEA_00802_Pl_1","00802","Miseq001","1","B06","ITS","3G","22","B06","DicotRhizomeA","1","20180306","DicotRhizome","PrimaryProducer","Plant","Terrestrial","Nicole","Stachytarpheta cayennensis corresponds to DicotRootA","21.6336","_158.05209"
"100210","GAGTAGAC","TATTCCGC","WMEA_00803_Pl_1","00803","Miseq001","1","C06","ITS","HIFI","24","C06","DicotRhizomeB","1","20180306","DicotRhizome","PrimaryProducer","Plant","Terrestrial","Nicole","Aleurites moluccanus corresponds to DicotRootB","21.6336","_158.05209"
"100393","GAGTAGAC","CGTTAAGC","WMEA_00803_Pl_1","00803","Miseq001","1","C06","ITS","3G","22","C06","DicotRhizomeB","1","20180306","DicotRhizome","PrimaryProducer","Plant","Terrestrial","Nicole","Aleurites moluccanus corresponds to DicotRootB","21.6336","_158.05209"
"100222","GAGTAGAC","ATAAGGCG","WMEA_00804_Pl_1","00804","Miseq001","1","D06","ITS","HIFI","24","D06","DicotRhizomeC","1","20180306","DicotRhizome","PrimaryProducer","Plant","Terrestrial","Nicole","Coffea arabica corresponds to DicotRootC","21.6336","_158.05209"
"100405","GAGTAGAC","TCGAAGGA","WMEA_00804_Pl_1","00804","Miseq001","1","D06","ITS","3G","22","D06","DicotRhizomeC","1","20180306","DicotRhizome","PrimaryProducer","Plant","Terrestrial","Nicole","Coffea arabica corresponds to DicotRootC","21.6336","_158.05209"
"100234","GAGTAGAC","CCGGATAT","WMEA_00805_Pl_1","00805","Miseq001","1","E06","ITS","HIFI","24","E06","MonocotRhizomeA","1","20180306","MonocotRhizome","PrimaryProducer","Plant","Terrestrial","Anthony","need ID Voucher corresponds to MonocotRootA","21.6336","_158.05209"
"100417","GAGTAGAC","CGCGTATA","WMEA_00805_Pl_1","00805","Miseq001","1","E06","ITS","3G","22","E06","MonocotRhizomeA","1","20180306","MonocotRhizome","PrimaryProducer","Plant","Terrestrial","Anthony","need ID Voucher corresponds to MonocotRootA","21.6336","_158.05209"
"100246","GAGTAGAC","TTGGCGTA","WMEA_00806_Pl_1","00806","Miseq001","1","F06","ITS","HIFI","24","F06","MonocotRhizomeB","1","20180306","MonocotRhizome","PrimaryProducer","Plant","Terrestrial","Anthony","need ID Voucher corresponds to MonocotRootB","21.6336","_158.05209"
"100429","GAGTAGAC","CAGTTGAC","WMEA_00806_Pl_1","00806","Miseq001","1","F06","ITS","3G","22","F06","MonocotRhizomeB","1","20180306","MonocotRhizome","PrimaryProducer","Plant","Terrestrial","Anthony","need ID Voucher corresponds to MonocotRootB","21.6336","_158.05209"
"100257","GAGTAGAC","GAGAACAC","WMEA_00807_Pl_1","00807","Miseq001","1","G06","ITS","HIFI","24","G06","MonocotRhizomeC","1","20180306","MonocotRhizome","PrimaryProducer","Plant","Terrestrial","Anthony","need ID Voucher corresponds to MonocotRootC","21.6336","_158.05209"
"100441","GAGTAGAC","TGACCAGT","WMEA_00807_Pl_1","00807","Miseq001","1","G06","ITS","3G","22","G06","MonocotRhizomeC","1","20180306","MonocotRhizome","PrimaryProducer","Plant","Terrestrial","Anthony","need ID Voucher corresponds to MonocotRootC","21.6336","_158.05209"
"100279","CTCAAGAC","CCTATTCG","WMEA_00808_No_1","00808","Miseq001","2","A04","ITS","HIFI","23","A04","CMAIKI_150046","1","20180510","WaterFilter","Environmental","Nonhost","Riverine","Kiana","Taken at 10_12 AM filtered 500 ml using 0.2 uM filter","21.6336","_158.05209"
"100463","CTCAAGAC","TCACTGAG","WMEA_00808_No_1","00808","Miseq001","2","A04","ITS","3G","21","A04","CMAIKI_150046","1","20180510","WaterFilter","Environmental","Nonhost","Riverine","Kiana","Taken at 10_12 AM filtered 500 ml using 0.2 uM filter","21.6336","_158.05209"
"100290","CTCAAGAC","GTTGGATC","WMEA_00809_No_1","00809","Miseq001","2","B04","ITS","HIFI","23","B04","CMAIKI_150047","1","20180510","WaterFilter","Environmental","Nonhost","Riverine","Kiana","Taken at 9_47 AM filtered 500 ml using 0.8 uM filter","21.6336","_158.05209"
"100474","CTCAAGAC","TTGCTTGC","WMEA_00809_No_1","00809","Miseq001","2","B04","ITS","3G","21","B04","CMAIKI_150047","1","20180510","WaterFilter","Environmental","Nonhost","Riverine","Kiana","Taken at 9_47 AM filtered 500 ml using 0.8 uM filter","21.6336","_158.05209"
"100301","CTCAAGAC","AGTGAGAC","WMEA_00810_No_1","00810","Miseq001","2","C04","ITS","HIFI","23","C04","CMAIKI_150048","1","20180510","WaterFilter","Environmental","Nonhost","Riverine","Kiana","Taken at 9_47 AM filtered 500 ml using 0.8 uM filter","21.6336","_158.05209"
"100485","CTCAAGAC","TCTCCACA","WMEA_00810_No_1","00810","Miseq001","2","C04","ITS","3G","21","C04","CMAIKI_150048","1","20180510","WaterFilter","Environmental","Nonhost","Riverine","Kiana","Taken at 9_47 AM filtered 500 ml using 0.8 uM filter","21.6336","_158.05209"
"100311","TGCAACGT","CTCTTGAC","WMEA_00811_No_1","00811","Miseq001","2","D03","ITS","HIFI","23","D03","CMAIKI_150024","1","20180625","WaterFilter","Environmental","Nonhost","Riverine","Kiana","Taken at 10_48 AM filtered two 250ml using 0.2 uM filter","21.6336","_158.05209"
"100495","TGCAACGT","AAGCGCTT","WMEA_00811_No_1","00811","Miseq001","2","D03","ITS","3G","21","D03","CMAIKI_150024","1","20180625","WaterFilter","Environmental","Nonhost","Riverine","Kiana","Taken at 10_48 AM filtered two 250ml using 0.2 uM filter","21.6336","_158.05209"
"100322","TGCAACGT","GGTACCTA","WMEA_00812_No_1","00812","Miseq001","2","E03","ITS","HIFI","23","E03","CMAIKI_150005","1","20180306","WaterFilter","Environmental","Nonhost","Riverine","Kiana","Taken at 9_55 AM filtered 500 ml using 0.8 uM filter","21.6336","_158.05209"
"100506","TGCAACGT","CTTCACCA","WMEA_00812_No_1","00812","Miseq001","2","E03","ITS","3G","21","E03","CMAIKI_150005","1","20180306","WaterFilter","Environmental","Nonhost","Riverine","Kiana","Taken at 9_55 AM filtered 500 ml using 0.8 uM filter","21.6336","_158.05209"
"100333","TGCAACGT","AACCTTCC","WMEA_00813_No_1","00813","Miseq001","2","F03","ITS","HIFI","23","F03","CMAIKI_150007","1","20180306","WaterFilter","Environmental","Nonhost","Riverine","Kiana","Taken at 9_55 AM filtered 500 ml using 0.2 uM filter","21.6336","_158.05209"
"100517","TGCAACGT","CATGGATC","WMEA_00813_No_1","00813","Miseq001","2","F03","ITS","3G","21","F03","CMAIKI_150007","1","20180306","WaterFilter","Environmental","Nonhost","Riverine","Kiana","Taken at 9_55 AM filtered 500 ml using 0.2 uM filter","21.6336","_158.05209"
"100344","TGCAACGT","AAGCTACC","WMEA_00814_No_1","00814","Miseq001","2","G03","ITS","HIFI","23","G03","CMAIKI_150043","1","20180510","WaterFilter","Environmental","Nonhost","Riverine","Kiana","Taken at 10_12 AM filtered 500 ml using 0.8 uM filter","21.6336","_158.05209"
"100528","TGCAACGT","GCATAACC","WMEA_00814_No_1","00814","Miseq001","2","G03","ITS","3G","21","G03","CMAIKI_150043","1","20180510","WaterFilter","Environmental","Nonhost","Riverine","Kiana","Taken at 10_12 AM filtered 500 ml using 0.8 uM filter","21.6336","_158.05209"
"100355","TGCAACGT","CCAATTCC","WMEA_00815_No_1","00815","Miseq001","2","H03","ITS","HIFI","23","H03","CMAIKI_150044","1","20180510","WaterFilter","Environmental","Nonhost","Riverine","Kiana","Taken at 10_12 AM filtered 500 ml using 0.2 uM filter","21.6336","_158.05209"
"100539","TGCAACGT","CTTGTGGA","WMEA_00815_No_1","00815","Miseq001","2","H03","ITS","3G","21","H03","CMAIKI_150044","1","20180510","WaterFilter","Environmental","Nonhost","Riverine","Kiana","Taken at 10_12 AM filtered 500 ml using 0.2 uM filter","21.6336","_158.05209"
"100280","GCTATTGG","CCTATTCG","WMEA_00816_No_1","00816","Miseq001","2","A05","ITS","HIFI","23","A05","CMAIKI_150045","1","20180510","WaterFilter","Environmental","Nonhost","Riverine","Kiana","Taken at 10_12 AM filtered 500 ml using 0.2 uM filter","21.6336","_158.05209"
"100291","GCTATTGG","GTTGGATC","WMEA_00817_No_1","00817","Miseq001","2","B05","ITS","HIFI","23","B05","CMAIKI_150023","1","20180625","WaterFilter","Environmental","Nonhost","Riverine","Kiana","Taken at 10_48 AM filtered two 250ml using 0.8 uM filter","21.6336","_158.05209"
"100475","GCTATTGG","TTGCTTGC","WMEA_00817_No_1","00817","Miseq001","2","B05","ITS","3G","21","B05","CMAIKI_150023","1","20180625","WaterFilter","Environmental","Nonhost","Riverine","Kiana","Taken at 10_48 AM filtered two 250ml using 0.8 uM filter","21.6336","_158.05209"
"100350","AGCAACGA","AAGCTACC","WMEA_00821_An_1","00821","Miseq001","2","G09","ITS","HIFI","23","G09","EmergenceB_1_1","1","20180312","WoodArthropod","Herbivore","Animal","Terrestrial","Nhu","Ant","21.6336","_158.05209"
"100361","AGCAACGA","CCAATTCC","WMEA_00822_An_1","00822","Miseq001","2","H09","ITS","HIFI","23","H09","EmergenceC_1_3","1","20180312","WoodArthropod","Herbivore","Animal","Terrestrial","Nhu","Ant","21.6336","_158.05209"
"100285","TGCTACCT","CCTATTCG","WMEA_00823_An_1","00823","Miseq001","2","A10","ITS","HIFI","23","A10","EmergenceA_1_4","1","20180312","WoodArthropod","Herbivore","Animal","Terrestrial","Nhu","Midge","21.6336","_158.05209"
"100329","TGCTACCT","GGTACCTA","WMEA_00826_An_1","00826","Miseq001","2","E10","ITS","HIFI","23","E10","EmergenceA_1_3","1","20180319","WoodArthropod","Herbivore","Animal","Terrestrial","Nhu","Small worm","21.6336","_158.05209"
"100340","TGCTACCT","AACCTTCC","WMEA_00827_An_1","00827","Miseq001","2","F10","ITS","HIFI","23","F10","EmergenceB_1_7","1","20180319","WoodArthropod","Herbivore","Animal","Terrestrial","Nhu","Small worm","21.6336","_158.05209"
"100318","TGCTACCT","CTCTTGAC","WMEA_00828_An_1","00828","Miseq001","2","D10","ITS","HIFI","23","D10","EmergenceC_1_2","1","20180319","WoodArthropod","Herbivore","Animal","Terrestrial","Nhu","Small worm","21.6336","_158.05209"
"100362","TGCTACCT","CCAATTCC","WMEA_00830_An_1","00830","Miseq001","2","H10","ITS","HIFI","23","H10","EmergenceB_1_7","1","20180312","WoodArthropod","Herbivore","Animal","Terrestrial","Nhu","Small beetle","21.6336","_158.05209"
"100286","GGTTGCTA","CCTATTCG","WMEA_00831_An_1","00831","Miseq001","2","A11","ITS","HIFI","23","A11","EmergenceC_1_9","1","20180327","WoodArthropod","Herbivore","Animal","Terrestrial","Nhu","Small beetle","21.6336","_158.05209"
